{"timestamps": [1467416856.053973, 1467416856.315312, 1467416856.34216, 1467416856.344194, 1467416856.345398, 1467416856.34667, 1467416856.347644, 1467416856.348799, 1467416856.515453, 1467416856.539522, 1467416856.540448, 1467416856.543679, 1467416856.546749, 1467416856.549945, 1467416856.553519, 1467416856.556853, 1467416856.560348, 1467416856.56348, 1467416856.567117, 1467416856.570268, 1467416856.573431, 1467416856.57735, 1467416856.581367, 1467416856.585002, 1467416856.588397, 1467416856.591737, 1467416856.596682, 1467416857.807534], "initial_reset_timestamp": 1467416854.891583, "episode_lengths": [38, 9, 11, 131, 10, 45, 9, 10, 8, 9, 22, 200, 200, 200, 200, 200, 200, 200, 200, 200, 200, 200, 200, 200, 200, 200, 200, 68], "episode_rewards": [38.0, 9.0, 11.0, 131.0, 10.0, 45.0, 9.0, 10.0, 8.0, 9.0, 22.0, 200.0, 200.0, 200.0, 200.0, 200.0, 200.0, 200.0, 200.0, 200.0, 200.0, 200.0, 200.0, 200.0, 200.0, 200.0, 200.0, 68.0]}